{
    "chilean": 179.746116568098, 
    "fiducials": 169.29834310808923, 
    "flightpath": 163.68076378014234, 
    "startrak": 127.32613046573834, 
    "complexes": 126.80006440860556, 
    "pgs": 116.6877290672868, 
    "associat": 105.97645272773238, 
    "radiometers": 103.49777812473424, 
    "cfowashington": 94.15924455608123, 
    "financials": 85.66876718280221
}