{
    "nonaligned": 167.08783181681235, 
    "andros": 141.15889656986297, 
    "cambridgethis": 126.60981203667717, 
    "shamsuddin": 109.84013615958887, 
    "kidal": 89.63192912584017, 
    "keys": 84.12400696151346, 
    "cuz": 83.63576287596122, 
    "esophageal": 81.46621991378737, 
    "redressable": 79.06555464249361, 
    "rubbish": 74.25930919132541
}