{
    "coursesreplaymore": 126.53919099951534, 
    "fhnfivetjnjksix": 97.1306900773506, 
    "pragmatism": 88.24374498022507, 
    "dusted": 67.68140374763419, 
    "conclude": 61.62307879368275, 
    "mctominay": 58.550693553688205, 
    "rajab": 57.982354856230124, 
    "virtuoso": 51.81463452119901, 
    "twohzdtwo": 49.786778593574454, 
    "watchednba": 49.53333476480752
}