{
    "cadantu": 35.242253042629805, 
    "cetovska": 33.53153990006173, 
    "sixthis": 27.05753748219055, 
    "aborigine": 21.445828500995404, 
    "thirteenhalep": 19.163760421416598, 
    "lengthening": 18.83566978722424, 
    "openwilliams": 18.4472589999831, 
    "sarcastic": 17.527359170725077, 
    "fears": 15.872690022844587, 
    "pliskovapliskova": 15.36905945414498
}